{
  "discoveryLink": "./apis/youtube/v3/rest", 
  "kind": "discovery#directoryItem", 
  "description": "Programmatic access to YouTube features.", 
  "title": "YouTube Data API", 
  "discoveryRestUrl": "https://www.googleapis.com/discovery/v1/apis/youtube/v3/rest", 
  "preferred": true, 
  "version": "v3", 
  "icons": {
    "x32": "https://www.google.com/images/icons/product/youtube-32.png", 
    "x16": "https://www.google.com/images/icons/product/youtube-16.png"
  }, 
  "documentationLink": "https://developers.google.com/youtube/v3", 
  "id": "youtube:v3", 
  "name": "youtube", 
  "packagePath": null, 
  "canonicalName": "YouTube", 
  "files": [
    {
      "downloadUrl": "/downloads/youtube/v3/125/csharp/1.9.0/google-youtube-v3-rev125-csharp-1.9.0-doc.zip", 
      "path": "google-youtube-v3-rev125-csharp-1.9.0-doc.zip", 
      "type": "documentation", 
      "timestamp": "2014-12-11 01:25"
    }, 
    {
      "downloadUrl": "/downloads/youtube/v3/125/csharp/1.9.0/google-youtube-v3-rev125-csharp-1.9.0-src.zip", 
      "path": "google-youtube-v3-rev125-csharp-1.9.0-src.zip", 
      "type": "source", 
      "timestamp": "2014-12-11 02:05"
    }
  ], 
  "revision": 125, 
  "language": "csharp", 
  "language_version": "1.9.0"
}